<?xml version="1.0" encoding="UTF-8"?>
<!-- mappers/hrm.xml -->
<!DOCTYPE mapper  PUBLIC "-//mybatis.org//DTD Mapper 3.0//EN"
                        "http://mybatis.org/dtd/mybatis-3-mapper.dtd">
                        
<mapper namespace="s_emp"> <!-- mybatis는 namespace필수!! -->


    <select id="findAllEmployees" resultType="Employee">
		select id, name, mailid, start_date, manager_id, title, dept_id    ,                      
		ifnull(salary,0.0) salary, ifnull(commission_pct,0.0) commission_pct, resign                                        
		from s_emp order by id       
     </select>
     
     
	  <select id="findEmployeeById" resultType="Employee">
        select id, name, mailid, start_date, manager_id, title, dept_id    ,                      
		ifnull(salary,0.0) salary, ifnull(commission_pct,0.0) commission_pct, resign                                        
		from s_emp where id= #{id}  
	 </select>


     <insert id="addEmployee">
    		INSERT INTO s_emp	     
			(id, name, mailid, start_date, manager_id, title, dept_id, SALARY, COMMISSION_PCT, resign)
			VALUES(
            #{id},#{name},#{mailid},#{start_date},
			<if test="manager_id != '' and manager_id != null and  manager_id != 0 " >
				#{manager_id}
			</if>       		
			<if test="manager_id == '' or manager_id == null or manager_id == 0 " >
				null
			</if>  
            ,#{title},#{dept_id},#{salary},
			<if test="commission_pct != '' and commission_pct != null and  commission_pct != 0 " >
				#{commission_pct}
			</if>       		
			<if test="commission_pct == '' or commission_pct == null or commission_pct == 0 " >
				null
			</if>
			, 0  
	        )
    </insert>
    <update id="updateEmployee" ><!-- parameterType="Employee" -->
    	UPDATE s_emp   SET                      
	        name=#{name}, mailid=#{mailid}  ,  start_date= #{start_date},         
	        manager_id=#{manager_id},    title=#{title},                                  
	        dept_id=#{dept_id},salary=#{salary}  
	        <if test="commission_pct != '' and commission_pct != null and  commission_pct != 0 " >
				,commission_pct=#{commission_pct} 
			</if>
	          <if test="commission_pct == '' or commission_pct == null or commission_pct == 0 " >
				,commission_pct=null 
			</if>
			, resign=#{resign}  
	        WHERE id=#{id}                
    </update>
    
    <delete id="deleteEmployee">
        DELETE FROM s_emp WHERE id=#{id}    
    </delete>

	<update id="resignEmployee">
		UPDATE s_emp
		SET resign=1
		where id=#{id}
	</update>

</mapper>



