<?xml version="1.0" encoding="UTF-8"?>
<!-- mappers/product.xml -->
<!DOCTYPE mapper PUBLIC "-//mybatis.org//DTD Mapper 3.0//EN" "http://mybatis.org/dtd/mybatis-3-mapper.dtd">
<mapper namespace="ProductMapper">

	<insert id="productInsert" parameterType="com.ssafy.model.dto.Product">
		insert into product (id, name, price, description)
		values (#{id}, #{name}, #{price}, #{description})
	</insert>
	
	<select id="productList" resultType="com.ssafy.model.dto.Product">
		select no, id, name, price, description
		from product
	</select>
	
	<select id="productSelect" resultType="com.ssafy.model.dto.Product">
		select no, id, name, price, description
		from product
		where no=#{no}
	</select>
	
	<update id="productUpdate">
		update product
		set id=#{id}, name=#{name}, price=#{price}, description=#{description}
		where no=#{no}
	</update>
	
	<delete id="productDelete">
		delete from product
		where no=#{no}
	</delete>
</mapper>    
